cust_id,gender,age,no_of_purchases,amount_spend,time_spent_on_site,cross_sell_conversion_rate
C0001,Male,36,4,400,41.02,0.59786972
C0002,Male,42,4,360,49.42,0.087063477
C0003,Male,40,2,60,35.78,0.441259856
C0004,Female,33,3,240,39.17,0.553302727
C0005,Male,24,6,120,63.42,0.860696854
C0006,Male,30,3,300,30.87,0.205204569
C0007,Female,24,7,420,64.85,0.868846088
C0008,Male,45,2,160,35.45,0.55666343
C0009,Female,36,4,320,46.1,0.561203179
C0010,Female,39,3,90,48.23,0.519770625
C0011,Female,21,4,200,43.95,0.333910327
C0012,Male,23,5,100,62.05,0.343100281
C0013,Female,31,6,540,71.27,0.983790739
C0014,Female,63,2,60,43.66,0.397400763
C0015,Female,21,5,450,58.77,0.012134315
C0016,Male,38,4,120,43.13,0.166213129
C0017,Male,40,2,140,23.5,0.234304198
C0018,Female,31,5,350,50.58,0.292076029
C0019,Female,35,2,160,23.89,0.182200657
C0020,Male,29,4,360,49.51,0.12865523
C0021,Male,43,4,360,47.95,0.426353846
C0022,Female,31,4,400,39.71,0.101501847
C0023,Female,23,4,240,54.03,0.054655465
C0024,Male,35,3,210,41.03,0.246027101
C0025,Female,22,4,400,40.26,0.486315318
C0026,Male,41,2,160,37.37,0.456162908
C0027,Female,32,4,400,37.13,0.141835583
C0028,Male,40,2,140,39.39,0.160137324
C0029,Female,52,1,100,19.69,0.592288557
C0030,Female,45,1,100,37.69,0.04457699
C0031,Female,18,4,240,47.11,0.047188825
C0032,Male,23,7,490,67.73,0.63626357
C0033,Female,28,5,200,45.19,0.19426536
C0034,Male,22,5,150,45.42,0.458302191
C0035,Female,61,1,30,16.18,0.534415078
C0036,Female,21,6,540,54.44,0.972965905
C0037,Male,54,1,90,17.77,0.151444159
C0038,Female,22,6,120,53.34,0.784071896
C0039,Female,25,3,240,29.56,0.056104772
C0040,Female,23,5,250,49.22,0.333740054
C0041,Male,32,6,240,63.11,0.602616028
C0042,Female,34,6,180,73.02,0.783853448
C0043,Female,23,5,150,46.18,0.588246226
C0044,Male,19,8,160,78.29,0.656169787
C0045,Male,33,5,450,51.43,0.126453807
C0046,Female,49,1,90,25.4,0.166586743
C0047,Female,18,8,160,86.88,0.946715473
C0048,Male,40,4,200,58.53,0.533995874
C0049,Female,28,5,400,49.71,0.567168283
C0050,Female,28,3,180,49.44,0.149043983
C0051,Male,29,6,600,66.13,0.781397461
C0052,Female,20,5,150,55.11,0.229204112
C0053,Female,49,1,60,13.38,0.357514673
C0054,Female,34,6,420,53.39,0.718383183
C0055,Male,64,1,60,18.83,0.49740949
C0056,Female,40,2,80,24.21,0.543683722
C0057,Female,50,1,80,31.5,0.539981867
C0058,Female,57,2,100,30.11,0.157909662
C0059,Female,20,8,320,75.95,0.793795661
C0060,Female,18,7,280,70.41,0.815140382
C0061,Female,37,2,100,21.81,0.581955563
C0062,Female,28,3,60,32.79,0.262752077
C0063,Female,43,4,80,37.73,0.041895204
C0064,Female,45,1,80,16.78,0.386039621
C0065,Female,20,6,360,63.35,0.669785726
C0066,Male,20,8,400,79.12,0.746076792
C0067,Male,18,4,80,40.64,0.310845249
C0068,Male,21,5,100,53.07,0.577665357
C0069,Male,28,6,600,70.68,0.663862877
C0070,Male,35,2,200,25.11,0.511123302
C0071,Male,60,1,40,18.49,0.011270058
C0072,Male,21,5,300,45.8,0.028743503
C0073,Male,43,2,120,25.31,0.28767832
C0074,Female,40,3,300,30.48,0.34342082
C0075,Female,26,6,420,54.14,0.675603311
C0076,Male,23,5,500,51.73,0.111025038
C0077,Male,62,1,40,28.28,0.431832117
C0078,Female,37,4,320,43.56,0.185057611
C0079,Male,34,3,240,52.35,0.426153598
C0080,Female,31,3,60,37.35,0.310497085
C0081,Male,42,3,90,34.86,0.220162994
C0082,Female,23,7,490,64.41,0.618308835
C0083,Male,38,3,150,41.98,0.583501121
C0084,Male,27,6,300,60.51,0.752004811
C0085,Male,24,7,420,61.14,0.915854203
C0086,Female,24,6,180,57.56,0.734676967
C0087,Female,40,2,80,23.89,0.538671003
C0088,Male,37,3,180,37.92,0.043276112
C0089,Female,44,2,200,32.6,0.168828636
C0090,Female,20,6,180,59.89,0.81048147
C0091,Male,56,1,50,30.12,0.367787333
C0092,Male,21,6,120,72.51,0.85738172
C0093,Female,51,1,90,14.98,0.235139761
C0094,Female,31,5,500,61.79,0.376606544
C0095,Male,22,6,240,57.8,0.946489572
C0096,Female,42,2,60,26.01,0.50284477
C0097,Female,43,2,160,24.97,0.151374096
C0098,Male,48,1,100,14.24,0.024958209
C0099,Female,27,6,240,55.65,0.695858704
C0100,Male,21,6,600,55.67,0.927802165
C0101,Male,49,2,60,26.54,0.395350106
C0102,Male,27,3,270,39.38,0.074700136
C0103,Female,49,1,60,29,0.098565637
C0104,Female,20,4,240,42.3,0.159088851
C0105,Female,55,1,40,20.43,0.512573494
C0106,Male,44,2,120,24.09,0.23877921
C0107,Male,44,2,180,21.93,0.203792394
C0108,Female,43,2,100,26.73,0.135391911
C0109,Female,26,4,240,51.72,0.404353161
C0110,Female,26,5,450,48.51,0.580823336
C0111,Male,18,8,160,84.41,0.631739898
C0112,Female,36,2,120,21.27,0.30163591
C0113,Female,62,1,60,26.15,0.541527118
C0114,Male,44,4,400,40.26,0.160547158
C0115,Male,18,7,630,63.88,0.735614566
C0116,Female,29,6,600,54.61,0.797383134
C0117,Male,35,3,210,31.77,0.084074354
C0118,Male,49,2,160,40.06,0.4822708
C0119,Male,34,5,200,51.69,0.151086542
C0120,Male,63,2,200,37.67,0.035292515
C0121,Male,63,1,100,27.52,0.398850147
C0122,Male,20,4,400,42.02,0.327178774
C0123,Female,30,5,100,51.31,0.557782865
C0124,Male,44,3,60,37.13,0.469584578
C0125,Female,29,5,150,48.27,0.021611762
C0126,Male,38,4,80,44.53,0.31787933
C0127,Female,19,7,490,72.2,0.947131967
C0128,Female,20,4,400,50.25,0.011001388
C0129,Male,65,2,100,29.53,0.22407886
C0130,Male,23,8,160,73.1,0.933236702
C0131,Male,33,3,180,32.99,0.149601369
C0132,Female,27,6,240,69.46,0.604872748
C0133,Male,32,6,180,63.87,0.736228944
C0134,Female,46,1,100,20.35,0.020753723
C0135,Female,18,4,240,42.86,0.54941418
C0136,Male,26,4,120,51.72,0.511667301
C0137,Male,34,5,400,46.62,0.253152904
C0138,Male,60,1,30,21.55,0.244691245
C0139,Female,34,6,240,53,0.991770373
C0140,Female,25,6,300,61.55,0.79570448
C0141,Male,32,5,100,52.29,0.262013614
C0142,Female,38,2,120,29.8,0.240281749
C0143,Male,43,3,210,39.4,0.190618501
C0144,Female,31,5,250,59.55,0.205938768
C0145,Male,37,3,300,31.38,0.266630262
C0146,Female,20,8,720,71.35,0.969409356
C0147,Female,21,7,700,69.81,0.95113923
C0148,Male,38,2,200,28.24,0.457661341
C0149,Male,23,5,200,52.12,0.470270597
C0150,Male,23,7,490,64.23,0.769568812
C0151,Male,38,3,150,31.19,0.349692889
C0152,Female,28,4,360,38.67,0.538152479
C0153,Male,19,4,320,48.45,0.198526593
C0154,Female,34,6,300,58.37,0.758967174
C0155,Female,36,3,210,38.72,0.159049361
C0156,Male,23,7,490,66.73,0.617975512
C0157,Female,25,6,360,65.23,0.606493461
C0158,Female,64,2,100,26.95,0.163462677
C0159,Male,32,5,200,66.2,0.56470412
C0160,Female,62,1,30,14.11,0.194542805
C0161,Male,31,5,400,61.05,0.533143319
C0162,Male,21,8,160,82.27,0.647249052
C0163,Male,28,6,120,62.55,0.86986778
C0164,Male,44,3,240,30.05,0.197146262
C0165,Female,24,4,200,46.37,0.535490842
C0166,Male,26,4,400,37.84,0.418641165
C0167,Female,61,1,50,19.63,0.205277666
C0168,Female,21,4,200,60.24,0.292520199
C0169,Female,53,1,90,30.11,0.140784709
C0170,Male,33,3,180,40.67,0.018066262
C0171,Female,64,1,100,24.72,0.038839872
C0172,Female,50,1,80,27.57,0.48706446
C0173,Female,32,3,240,35.75,0.443741305
C0174,Female,37,3,270,31.66,0.399573674
C0175,Female,19,6,240,60.19,0.965254539
C0176,Male,25,3,210,36.78,0.151437083
C0177,Female,19,4,240,45.41,0.01083526
C0178,Female,65,1,20,20.28,0.548814603
C0179,Female,53,2,140,40.86,0.591942633
C0180,Female,27,3,240,30.59,0.100286721
C0181,Female,21,5,400,56.58,0.397116722
C0182,Female,19,4,400,44.1,0.060752096
C0183,Female,18,4,280,40.86,0.033178359
C0184,Female,28,3,120,50.94,0.217593857
C0185,Male,50,2,100,21.31,0.060357771
C0186,Female,62,2,180,30.86,0.066711582
C0187,Male,26,6,300,54.91,0.797589404
C0188,Female,29,6,420,55.56,0.811950653
C0189,Male,22,8,240,82.48,0.757487598
C0190,Female,30,5,150,52.03,0.399030868
C0191,Female,21,8,160,78.56,0.99467439
C0192,Female,20,6,360,53.97,0.936738831
C0193,Female,33,4,200,38.43,0.458499482
C0194,Female,34,6,300,58.41,0.766522303
C0195,Female,28,3,180,30.03,0.197909626
C0196,Male,18,4,200,41.6,0.342781463
C0197,Female,41,3,210,44.47,0.184945314
C0198,Female,23,4,400,37.85,0.101962141
C0199,Female,33,5,150,51.79,0.520938411
C0200,Male,30,6,300,53.92,0.648282135
C0201,Female,22,7,140,61.45,0.99373728
C0202,Female,39,4,320,49.54,0.155637477
C0203,Female,27,3,180,32.19,0.442351938
C0204,Female,19,5,450,54.69,0.036663614
C0205,Female,45,2,160,22.72,0.481882764
C0206,Female,35,3,210,35.94,0.309460516
C0207,Male,23,5,400,56.55,0.580514103
C0208,Male,21,6,120,63.96,0.796934581
C0209,Male,25,3,270,32.48,0.466598852
C0210,Male,18,7,630,65.8,0.693000544
C0211,Female,42,3,90,29.21,0.208932943
C0212,Male,21,7,140,70.85,0.915458882
C0213,Male,36,3,120,39.64,0.52366155
C0214,Male,57,2,160,23.96,0.063842748
C0215,Male,26,5,400,47.02,0.414725905
C0216,Female,56,1,90,22.08,0.58825971
C0217,Female,29,4,240,59.65,0.5681194
C0218,Male,21,4,200,46.79,0.218599042
C0219,Male,18,6,300,56.14,0.71952635
C0220,Female,47,2,140,27.9,0.080709847
C0221,Female,27,5,150,45.82,0.59246648
C0222,Female,27,4,80,48.03,0.461307375
C0223,Female,29,6,180,68.5,0.850322388
C0224,Male,33,3,120,30.62,0.312594954
C0225,Male,27,6,420,55.5,0.922556982
C0226,Male,22,5,300,55.15,0.390995134
C0227,Female,22,5,200,51.31,0.292573334
C0228,Female,44,4,320,51.07,0.264992231
C0229,Female,25,3,180,35.79,0.227149766
C0230,Male,27,6,180,63.94,0.987944236
C0231,Male,41,2,40,28.94,0.548881307
C0232,Male,30,4,360,38.42,0.200321003
C0233,Female,41,4,400,46.05,0.038928461
C0234,Female,45,2,80,25.21,0.093320596
C0235,Male,43,4,400,51.69,0.357713634
C0236,Female,39,3,210,38.52,0.434483748
C0237,Female,29,4,200,41.66,0.517903406
C0238,Male,24,4,160,38.8,0.545829923
C0239,Female,27,3,120,36.68,0.560891855
C0240,Female,29,5,400,48.6,0.586644702
C0241,Female,43,4,400,37.73,0.467384784
C0242,Male,33,4,120,37.92,0.43992666
C0243,Female,60,2,120,21.21,0.2042505
C0244,Female,24,8,240,70.09,0.971559896
C0245,Male,44,4,200,42.88,0.082453633
C0246,Female,20,4,360,39,0.326913112
C0247,Female,31,5,250,47.46,0.271236533
C0248,Male,20,6,120,58.47,0.956110987
C0249,Male,28,4,360,42.07,0.385454761
C0250,Male,29,4,200,48.05,0.231063614
C0251,Male,19,8,160,76.75,0.637537883
C0252,Male,39,2,200,25.88,0.173210801
C0253,Male,21,4,200,47.88,0.304840382
C0254,Male,23,7,630,61.72,0.758082247
C0255,Female,26,6,360,68.71,0.979620327
C0256,Female,24,6,180,63.81,0.838925202
C0257,Female,37,3,240,30.03,0.42419775
C0258,Female,43,4,240,47.18,0.357383029
C0259,Female,29,4,200,46.45,0.243065571
C0260,Female,40,3,240,36.71,0.036802803
C0261,Male,23,6,480,54.54,0.61239447
C0262,Male,19,7,420,73.64,0.861497367
C0263,Male,21,5,200,56.42,0.416906184
C0264,Female,45,2,180,26.77,0.107942404
C0265,Female,23,7,350,65.23,0.853427384
C0266,Female,27,4,120,43.38,0.006484414
C0267,Female,36,4,80,38.18,0.26674392
C0268,Female,36,3,240,34.16,0.167463946
C0269,Female,28,3,90,46.89,0.529704498
C0270,Male,37,4,280,42.91,0.184876178
C0271,Female,26,6,360,64.62,0.756316481
C0272,Female,23,4,320,48.69,0.095998525
C0273,Male,41,2,100,25.47,0.0783982
C0274,Male,33,3,90,62.51,0.20506126
C0275,Male,40,2,180,22.13,0.449854615
C0276,Male,45,1,90,15.55,0.040788561
C0277,Male,28,6,600,67.47,0.623803027
C0278,Male,51,1,20,13.74,0.486643522
C0279,Male,49,1,20,29.63,0.314516607
C0280,Female,22,5,200,47.97,0.515864509
C0281,Male,47,1,80,13.34,0.368088154
C0282,Female,60,1,30,23.77,0.047065333
C0283,Male,57,1,70,27.41,0.104309613
C0284,Female,22,7,210,79.65,0.776831739
C0285,Female,19,4,360,45.69,0.113076943
C0286,Female,60,2,100,27.52,0.519390215
C0287,Female,20,8,400,70.07,0.99228597
C0288,Female,43,4,160,56.25,0.371365652
C0289,Male,33,6,360,67.97,0.859525961
C0290,Male,27,3,210,41.61,0.533488829
C0291,Male,30,3,180,40.99,0.406709094
C0292,Female,20,4,320,38.72,0.231283306
C0293,Male,21,4,400,44.93,0.143901875
C0294,Male,23,7,140,69.18,0.763736343
C0295,Male,18,8,640,72.99,0.986722462
C0296,Male,21,6,540,58.72,0.632107291
C0297,Female,28,3,240,34.42,0.0617635
C0298,Male,49,1,70,22.96,0.397457524
C0299,Female,41,4,240,45.41,0.362406783
C0300,Female,22,6,540,60.9,0.89491903
C0301,Female,64,2,100,35.79,0.540546637
C0302,Male,38,4,320,41.08,0.308731099
C0303,Female,20,6,300,54.45,0.740122653
C0304,Female,20,8,720,78.96,0.808142458
C0305,Male,27,5,500,48.07,0.104622182
C0306,Male,23,7,420,63.99,0.960140622
C0307,Male,50,2,200,30.06,0.409385319
C0308,Female,30,5,200,49.72,0.522402616
C0309,Female,23,5,400,54.44,0.181447618
C0310,Male,28,5,400,53.13,0.536255584
C0311,Female,21,5,350,53.88,0.091149772
C0312,Male,64,1,90,29.34,0.222123139
C0313,Female,54,1,100,21.51,0.042937517
C0314,Female,53,1,40,15.38,0.366660597
C0315,Female,30,4,160,44.52,0.145426964
C0316,Female,34,5,100,62.7,0.140557542
C0317,Female,44,2,200,44.26,0.596104953
C0318,Female,56,1,30,26.98,0.143982054
C0319,Male,29,6,540,64.42,0.804994202
C0320,Female,24,4,280,46.51,0.369925991
C0321,Female,64,2,180,28.46,0.581260805
C0322,Male,22,7,490,65.66,0.977518981
C0323,Male,18,8,640,81.15,0.764497363
C0324,Female,40,3,120,29.7,0.067115753
C0325,Female,58,2,180,21.04,0.116431551
C0326,Male,19,4,360,44.65,0.00613569
C0327,Female,36,4,240,39.81,0.000568387
C0328,Female,41,3,150,44.63,0.466249332
C0329,Female,37,3,150,47.55,0.214108539
C0330,Male,42,2,140,34.49,0.389065239
C0331,Male,20,7,490,79.19,0.82530385
C0332,Male,33,4,320,49.85,0.527545162
C0333,Male,27,5,150,51.06,0.345194137
C0334,Male,23,7,280,67.11,0.644055348
C0335,Female,29,4,80,39.87,0.527663928
C0336,Male,30,6,240,70.3,0.889107269
C0337,Male,23,6,420,63.7,0.723024169
C0338,Female,27,6,240,63.24,0.902151089
C0339,Female,43,2,40,29.64,0.235906066
C0340,Female,23,8,400,69.7,0.94441567
C0341,Female,31,6,600,60.71,0.798238611
C0342,Male,51,2,100,28.06,0.363455198
C0343,Female,51,2,60,21.93,0.044227685
C0344,Male,32,6,120,59.56,0.933434844
C0345,Female,31,6,480,61.31,0.79666764
C0346,Female,28,3,180,35.97,0.082957055
C0347,Female,18,5,400,58.99,0.029935481
C0348,Male,53,2,120,26.86,0.217193294
C0349,Female,36,4,120,41.4,0.580166741
C0350,Male,22,5,250,51.85,0.503149854
C0351,Female,43,2,160,29.36,0.367431456
C0352,Male,65,2,80,30.45,0.289520841
C0353,Female,25,3,300,49.99,0.577051304
C0354,Female,46,1,100,16.38,0.573697636
C0355,Female,28,5,200,56.61,0.307669126
C0356,Female,44,3,150,37.37,0.091962119
C0357,Female,62,2,80,23.74,0.319931597
C0358,Female,22,8,240,78.83,0.751083312
C0359,Female,62,1,30,21.01,0.439739084
C0360,Male,27,3,210,35.35,0.248667733
C0361,Male,45,1,80,24.25,0.013000103
C0362,Female,19,7,210,62.49,0.925746514
C0363,Male,22,8,720,73.52,0.916114418
C0364,Female,38,4,320,39.87,0.382838447
C0365,Male,38,3,120,44.74,0.491510756
C0366,Female,33,4,160,42.64,0.025150557
C0367,Male,31,6,480,63.04,0.902440653
C0368,Female,61,2,200,31.13,0.272922471
C0369,Male,25,4,280,48.37,0.081225587
C0370,Female,28,6,480,53.56,0.637832022
C0371,Male,19,6,420,92.53,0.875650605
C0372,Female,44,3,120,49.24,0.389094293
C0373,Female,36,3,300,38.89,0.058315233
C0374,Female,59,1,70,20.99,0.325886319
C0375,Female,42,2,200,24.35,0.557830899
C0376,Female,19,6,600,54.85,0.9183199
C0377,Male,50,2,40,23.01,0.577645982
C0378,Female,23,8,160,78.5,0.92038981
C0379,Male,26,3,180,38.32,0.393061292
C0380,Female,21,5,300,45.88,0.547056397
C0381,Male,28,4,280,43.43,0.403420443
C0382,Female,21,7,280,62.37,0.800099168
C0383,Male,23,6,540,59.25,0.636866409
C0384,Male,27,6,480,59.69,0.766012104
C0385,Male,19,4,120,43.52,0.112360439
C0386,Male,42,2,180,30.77,0.523614168
C0387,Female,44,2,80,26.13,0.256970447
C0388,Male,23,7,140,62.6,0.792168222
C0389,Female,62,2,160,22.52,0.458260538
C0390,Male,44,4,360,46.1,0.513662765
C0391,Female,38,2,100,28.12,0.232709035
C0392,Male,51,1,50,25.49,0.235205213
C0393,Male,41,2,160,26.98,0.084274262
C0394,Female,24,5,150,51.86,0.274583838
C0395,Male,23,8,240,80.31,0.70820207
C0396,Male,18,4,280,62.96,0.099554861
C0397,Male,23,7,210,61.04,0.800053383
C0398,Female,24,4,120,41.74,0.237641738
C0399,Male,29,6,300,62.44,0.878246467
C0400,Male,38,2,160,30.31,0.380688337
C0401,Female,53,1,70,18.56,0.172347802
C0402,Female,46,1,40,41.49,0.533781397
C0403,Female,48,1,30,15.22,0.35476223
C0404,Female,36,2,100,32.61,0.16660604
C0405,Male,35,3,120,31,0.059295336
C0406,Female,29,6,180,60.99,0.909340333
C0407,Female,23,7,140,73.74,0.77864428
C0408,Male,26,3,60,34.03,0.557526663
C0409,Male,22,4,280,40.58,0.594708408
C0410,Male,50,2,120,25.7,0.453304911
C0411,Male,20,6,300,62.5,0.61227007
C0412,Female,29,4,400,49.7,0.446619269
C0413,Male,19,8,320,73.73,0.892605849
C0414,Male,20,8,160,74.82,0.789513276
C0415,Female,28,6,360,76.58,0.821664589
C0416,Female,19,8,800,84.18,0.900512891
C0417,Male,22,4,200,50.73,0.164379342
C0418,Female,22,4,360,48.57,0.225945591
C0419,Female,20,5,350,45.04,0.579094501
C0420,Female,19,5,150,48.99,0.006237273
C0421,Male,18,7,350,63.36,0.830840851
C0422,Female,47,2,40,26.18,0.316359514
C0423,Female,24,4,240,38.48,0.571769637
C0424,Female,24,8,240,74.86,0.927796042
C0425,Male,25,5,250,61.03,0.399027318
C0426,Male,41,4,240,41.51,0.282906511
C0427,Female,44,4,400,42.59,0.50846776
C0428,Female,40,3,300,30.83,0.151614577
C0429,Female,45,1,70,30.17,0.443657523
C0430,Female,25,6,120,69.85,0.655826805
C0431,Male,21,5,250,53.65,0.568692104
C0432,Female,65,1,70,16.56,0.373648482
C0433,Female,32,3,300,35.2,0.117083713
C0434,Male,59,1,20,26.65,0.389096698
C0435,Female,26,6,420,57.83,0.875653049
C0436,Male,26,4,280,41.15,0.29272948
C0437,Female,21,5,500,52.06,0.217558778
C0438,Male,44,2,80,26.93,0.426271799
C0439,Female,20,4,80,51.77,0.101995086
C0440,Female,21,6,540,80.58,0.744791287
C0441,Female,29,4,360,51.11,0.17402623
C0442,Female,18,8,160,81.73,0.656375514
C0443,Female,25,6,300,57.52,0.867533731
C0444,Male,19,5,150,48.06,0.399728854
C0445,Female,46,1,20,15.45,0.534368653
C0446,Female,55,1,100,22.86,0.227363458
C0447,Male,29,4,80,48.96,0.051963242
C0448,Male,21,5,400,66.18,0.234845424
C0449,Male,21,8,320,79.23,0.781534215
C0450,Female,36,4,120,48.78,0.079356153
C0451,Male,23,8,400,80.84,0.967881194
C0452,Female,47,1,60,23.29,0.010893701
C0453,Male,53,2,140,23.04,0.213745232
C0454,Male,20,7,210,63.67,0.743296247
C0455,Male,31,4,320,55.47,0.587559276
C0456,Female,19,7,210,65.52,0.693560349
C0457,Male,24,5,250,45.94,0.34912351
C0458,Female,28,4,400,38.72,0.552620077
C0459,Female,31,6,240,58.03,0.711296368
C0460,Male,24,8,640,76.71,0.810580337
C0461,Female,21,6,120,67.96,0.907541885
C0462,Male,58,2,120,22.01,0.114132122
C0463,Male,22,4,240,53.13,0.586308475
C0464,Male,24,6,120,59.88,0.627827594
C0465,Male,49,1,50,22.92,0.297473518
C0466,Female,32,4,200,43.18,0.370992807
C0467,Male,29,6,480,64.47,0.678601793
C0468,Male,33,4,360,40.57,0.388809987
C0469,Female,61,1,80,25.13,0.135679008
C0470,Female,53,1,90,14.38,0.119707016
C0471,Male,58,1,30,29.73,0.277846988
C0472,Female,22,5,400,57.2,0.542397586
C0473,Female,43,2,200,30.47,0.496228422
C0474,Male,29,6,240,66.67,0.788643416
C0475,Female,44,3,210,34.28,0.556070646
C0476,Female,59,2,40,22.34,0.268180138
C0477,Female,20,6,240,59.08,0.885776754
C0478,Female,32,4,280,38.53,0.291813585
C0479,Male,25,6,300,63.21,0.817730989
C0480,Male,27,3,60,32.51,0.493019811
C0481,Female,33,6,420,55.74,0.884012914
C0482,Male,22,5,200,55.44,0.250526516
C0483,Male,24,7,350,66.75,0.927313388
C0484,Female,41,3,150,49.96,0.452262858
C0485,Female,24,5,100,47.39,0.48309065
C0486,Female,20,6,480,76.68,0.716191694
C0487,Female,41,4,320,38.25,0.471590037
C0488,Female,49,2,60,21.87,0.252212916
C0489,Female,25,6,480,56.59,0.798337216
C0490,Male,18,6,420,71.63,0.718985469
C0491,Female,22,4,320,44.42,0.155710088
C0492,Male,23,7,280,76.13,0.617377215
C0493,Female,44,4,80,41.36,0.271565546
C0494,Male,45,2,60,25.12,0.032086502
C0495,Male,53,1,100,21.48,0.44432328
C0496,Male,40,2,40,23.71,0.385958606
C0497,Male,18,5,300,47.62,0.180308476
C0498,Female,21,4,400,37.94,0.044514302
C0499,Female,28,3,120,32.28,0.129868777
C0500,Female,32,4,360,49.24,0.025875313
C0501,Female,34,6,600,53.99,0.962077831
C0502,Male,21,4,80,56.49,0.248712924
C0503,Male,33,3,240,36.27,0.357983877
C0504,Female,28,3,180,30.1,0.197353143
C0505,Male,18,8,160,72.02,0.809956139
C0506,Male,51,1,70,25.25,0.328804554
C0507,Female,21,6,540,64.88,0.887971788
C0508,Female,24,8,240,76.86,0.794084616
C0509,Male,39,2,80,32.58,0.177924569
C0510,Male,20,7,140,64.07,0.730982305
C0511,Male,19,8,800,75.54,0.97078711
C0512,Male,18,4,280,54.99,0.466413109
C0513,Female,25,4,320,47.53,0.197428313
C0514,Female,43,4,320,48.73,0.401228902
C0515,Male,29,3,150,30.82,0.461589393
C0516,Female,39,2,80,29.13,0.110333649
C0517,Female,44,4,240,40.95,0.421371851
C0518,Female,36,3,90,33.82,0.350954152
C0519,Female,25,5,500,51.19,0.316757012
C0520,Female,60,1,80,20,0.247857398
C0521,Female,25,6,240,59.86,0.99697872
C0522,Male,35,3,210,51.78,0.483067474
C0523,Male,18,8,240,76.11,0.641528282
C0524,Male,23,5,400,45.69,0.198470299
C0525,Female,18,8,640,81.69,0.812923989
C0526,Male,55,2,40,23.77,0.472902042
C0527,Female,18,7,350,73.58,0.883739592
C0528,Female,24,7,630,62.7,0.732338111
C0529,Male,50,2,40,34.18,0.529501232
C0530,Female,22,5,400,63.69,0.324143867
C0531,Male,34,5,500,50.69,0.513515401
C0532,Male,34,3,120,30.59,0.53380976
C0533,Female,34,6,600,62.32,0.84955898
C0534,Female,19,8,240,82.42,0.658059409
C0535,Male,42,2,100,22.83,0.364523524
C0536,Male,65,1,60,20.12,0.010776508
C0537,Male,22,4,240,37.18,0.381512234
C0538,Male,25,4,120,50.93,0.120178944
C0539,Male,19,8,240,72.95,0.943977301
C0540,Female,64,2,140,45.75,0.051837311
C0541,Female,22,7,560,61.37,0.717104572
C0542,Male,44,2,200,21.26,0.001705025
C0543,Female,33,5,150,46.19,0.547912636
C0544,Female,22,7,140,66.23,0.948295022
C0545,Male,25,4,80,53.38,0.140609494
C0546,Female,63,2,40,29.3,0.072099227
C0547,Male,43,2,80,27.46,0.320491664
C0548,Female,32,5,500,59.05,0.313321902
C0549,Female,41,4,120,50.09,0.279050567
C0550,Male,43,3,60,31.68,0.304754656
C0551,Female,43,3,300,41.08,0.361853242
C0552,Female,65,2,60,25.13,0.569897178
C0553,Female,50,1,80,19.71,0.545185328
C0554,Female,24,6,120,66.34,0.881162708
C0555,Male,20,5,500,55.25,0.541213009
C0556,Female,30,6,600,53.35,0.85973879
C0557,Male,20,7,140,62.32,0.894288216
C0558,Female,49,2,200,21.78,0.368644105
C0559,Male,18,6,300,60.16,0.749914471
C0560,Female,49,1,50,23.85,0.258001591
C0561,Female,20,8,160,69.95,0.828035605
C0562,Female,19,8,720,72.37,0.697834421
C0563,Female,56,2,120,25.44,0.046200615
C0564,Female,41,3,120,30.83,0.417926331
C0565,Male,29,4,120,40,0.292725529
C0566,Female,37,4,320,39.25,0.143159983
C0567,Male,53,1,40,17.33,0.263600484
C0568,Female,61,2,100,31.22,0.019356375
C0569,Male,21,4,240,43.24,0.285662911
C0570,Male,39,3,270,32.13,0.381221676
C0571,Male,20,5,200,46.85,0.389397858
C0572,Male,39,3,60,43.39,0.126605735
C0573,Male,53,2,60,42.21,0.222099404
C0574,Male,22,5,400,55.48,0.290151132
C0575,Female,18,8,800,75.45,0.982657063
C0576,Female,39,3,270,36.21,0.222520151
C0577,Female,18,5,450,46.89,0.273404244
C0578,Male,38,2,60,25.85,0.597717968
C0579,Male,21,8,400,72.6,0.635988792
C0580,Female,20,6,240,56.04,0.601363906
C0581,Male,33,3,270,32.21,0.124732645
C0582,Female,29,6,240,55.04,0.634141815
C0583,Male,25,5,500,65.87,0.535399456
C0584,Female,27,3,270,42.76,0.300108526
C0585,Female,19,4,320,43.66,0.476456104
C0586,Female,22,7,350,72.45,0.966416859
C0587,Female,23,4,280,45.65,0.57306674
C0588,Female,33,4,80,45.6,0.187420756
C0589,Female,49,2,120,31.95,0.147383916
C0590,Female,40,4,280,39.53,0.358174552
C0591,Female,21,8,640,82.21,0.823269631
C0592,Female,32,5,350,54.55,0.539739662
C0593,Female,22,8,240,82.46,0.777667427
C0594,Female,20,8,640,83.18,0.996490749
C0595,Male,42,2,140,21.62,0.448263879
C0596,Male,22,8,160,81.46,0.947670786
C0597,Male,41,2,200,25.02,0.358084606
C0598,Female,34,6,600,56.64,0.894463086
C0599,Female,18,4,200,43.5,0.522042322
C0600,Male,18,8,720,74.57,0.916456257
C0601,Female,36,2,140,22.25,0.328013305
C0602,Female,20,6,240,53.23,0.967552034
C0603,Male,25,3,210,35.17,0.122586181
C0604,Male,21,8,160,75.66,0.696576417
C0605,Male,47,2,120,35.59,0.385616806
C0606,Female,64,2,160,33.62,0.519474692
C0607,Male,23,8,320,81.86,0.656612035
C0608,Male,20,5,400,55.38,0.350969517
C0609,Female,25,4,120,38.88,0.515759521
C0610,Female,38,3,180,32.48,0.269647611
C0611,Male,49,2,180,21.31,0.205920315
C0612,Male,19,8,400,81.08,0.951631267
C0613,Male,39,2,180,44.94,0.560578955
C0614,Male,21,5,100,62.15,0.389896627
C0615,Female,41,3,210,40.2,0.52945355
C0616,Female,18,6,240,55.05,0.729697207
C0617,Female,19,4,400,41.77,0.346816011
C0618,Male,23,6,420,57.03,0.894102188
C0619,Male,28,5,100,50.62,0.231629442
C0620,Male,29,4,320,47.52,0.306658817
C0621,Female,30,5,100,48.28,0.599888748
C0622,Female,23,6,180,55.55,0.70683763
C0623,Male,37,2,100,30.3,0.126555587
C0624,Female,23,5,300,55.89,0.108195605
C0625,Female,35,2,160,33.56,0.140961052
C0626,Male,33,3,60,43.73,0.157761721
C0627,Female,41,3,270,43.97,0.257599446
C0628,Female,29,5,300,51.21,0.454198921
C0629,Male,18,5,250,54.98,0.321821956
C0630,Male,26,4,200,45.32,0.510509885
C0631,Female,38,3,150,39.12,0.002131605
C0632,Male,25,5,200,56.31,0.56408171
C0633,Female,18,8,240,84.03,0.668207205
C0634,Female,20,4,200,45.11,0.239254525
C0635,Male,27,4,400,44.19,0.502081852
C0636,Female,18,5,150,50.14,0.387199963
C0637,Female,35,3,300,29.93,0.070037757
C0638,Female,63,1,100,29.54,0.548267889
C0639,Female,31,6,360,61.67,0.940487929
C0640,Female,54,2,160,26.49,0.251868315
C0641,Female,55,1,50,17.97,0.21929918
C0642,Female,21,7,560,63.82,0.893146212
C0643,Male,46,2,140,27.2,0.340495893
C0644,Male,29,5,500,47.82,0.010520384
C0645,Male,30,6,120,69.22,0.615906649
C0646,Female,26,5,450,48.88,0.479392323
C0647,Female,21,5,400,49.08,0.245248942
C0648,Male,20,4,240,54.88,0.078678117
C0649,Female,39,3,300,40.88,0.53580255
C0650,Female,25,5,300,46.06,0.434985129
C0651,Female,41,3,210,29.84,0.224310768
C0652,Male,27,4,280,41.21,0.080895657
C0653,Female,21,6,480,55.54,0.620103932
C0654,Female,20,6,540,65.52,0.856145645
C0655,Female,29,5,250,46.14,0.375496059
C0656,Female,22,7,700,61.49,0.89669864
C0657,Male,21,7,210,64.49,0.859114974
C0658,Female,21,4,120,51.44,0.269726974
C0659,Female,32,4,400,40.48,0.069137722
C0660,Male,29,5,150,50.86,0.222702892
C0661,Male,38,4,240,50.13,0.365081424
C0662,Female,18,4,400,44.59,0.315024952
C0663,Female,18,6,300,58.93,0.716855389
C0664,Female,51,1,30,19.83,0.141454679
C0665,Female,18,4,320,48.89,0.182903242
C0666,Female,62,2,120,27.1,0.039336266
C0667,Female,26,3,210,40.8,0.41181627
C0668,Male,56,1,20,18.39,0.211126009
C0669,Male,24,7,630,65.3,0.721510114
C0670,Male,37,4,320,37.66,0.322144904
C0671,Female,45,1,80,18.56,0.370295682
C0672,Female,29,6,540,73.79,0.603953928
C0673,Female,37,3,120,38.71,0.418228643
C0674,Male,22,6,180,61,0.878030251
C0675,Male,48,1,30,13.35,0.264600808
C0676,Male,46,1,70,17.46,0.348462488
C0677,Female,60,1,40,18.76,0.302330777
C0678,Female,37,4,120,45.08,0.008919741
C0679,Female,45,1,30,23.5,0.069575935
C0680,Male,44,2,120,23.07,0.367228208
C0681,Male,23,6,120,64.03,0.712373997
C0682,Male,38,2,100,30.25,0.013424892
C0683,Male,39,3,240,34.16,0.533676535
C0684,Female,39,2,140,23.36,0.549580337
C0685,Male,30,5,350,48.96,0.346421236
C0686,Male,28,4,240,44.91,0.277112898
C0687,Male,46,2,180,28.93,0.084280887
C0688,Male,33,5,350,60.63,0.558261943
C0689,Male,59,2,60,27.78,0.415678811
C0690,Female,24,6,240,59.15,0.751293022
C0691,Male,30,5,200,51.17,0.15341339
C0692,Female,20,5,150,74.18,0.224938542
C0693,Female,24,8,240,70.18,0.970552686
C0694,Male,36,2,60,29.76,0.12991678
C0695,Female,34,3,180,37,0.134922444
C0696,Female,24,6,600,55.81,0.767502298
C0697,Female,32,5,200,50.45,0.226323408
C0698,Female,32,3,210,31.12,0.266280497
C0699,Female,19,6,540,59.74,0.841281941
C0700,Male,38,4,120,44.52,0.53616303
C0701,Male,24,4,120,40.65,0.563231463
C0702,Male,21,4,360,38.43,0.564291394
C0703,Female,35,4,80,37.87,0.003326633
C0704,Female,22,5,150,54.62,0.513796552
C0705,Male,18,7,560,69.35,0.832756789
C0706,Female,31,6,600,56.83,0.760478311
C0707,Female,26,4,320,39.04,0.384978205
C0708,Male,40,3,270,34.62,0.341669037
C0709,Female,30,4,360,49.99,0.122911632
C0710,Female,29,4,160,51.03,0.050829805
C0711,Female,32,6,420,58.06,0.676894403
C0712,Female,37,4,240,40.58,0.136477094
C0713,Male,23,4,160,45.42,0.354015876
C0714,Male,30,4,120,38.2,0.169574088
C0715,Female,29,4,320,37.5,0.315735842
C0716,Female,35,3,150,35.88,0.270849448
C0717,Male,33,5,300,46.29,0.323707469
C0718,Female,39,2,140,26.62,0.111593778
C0719,Female,40,3,240,38.52,0.513225976
C0720,Male,65,2,100,23.26,0.441522305
C0721,Male,40,4,360,55.45,0.046300046
C0722,Male,49,2,200,31.61,0.534239317
C0723,Female,20,8,480,81.58,0.738213084
C0724,Female,19,4,120,48.63,0.582128807
C0725,Male,19,5,300,49.53,0.459373759
C0726,Female,28,5,450,53.33,0.328472154
C0727,Male,29,3,150,44.51,0.495357636
C0728,Male,25,5,200,55.84,0.540199731
C0729,Female,41,2,180,32.33,0.13000516
C0730,Female,36,2,120,25.09,0.31180633
C0731,Female,23,5,300,48.37,0.295247431
C0732,Male,39,2,200,30.8,0.478078771
C0733,Male,20,5,100,53.27,0.574334501
C0734,Male,51,1,90,16.61,0.301428399
C0735,Female,19,4,360,46.27,0.336282918
C0736,Female,38,2,200,27.83,0.253930828
C0737,Female,36,3,210,30.16,0.298909999
C0738,Male,31,6,120,54.05,0.813374979
C0739,Female,47,1,20,25.29,0.454878915
C0740,Female,58,2,200,26.49,0.590616688
C0741,Male,30,3,270,29.33,0.495422347
C0742,Female,34,5,500,52.14,0.570693061
C0743,Female,35,4,160,38.24,0.087968492
C0744,Male,39,2,120,21.12,0.09996149
C0745,Male,21,5,400,53.02,0.238112937
C0746,Female,44,4,80,39.11,0.254139853
C0747,Female,58,2,180,29.22,0.575930881
C0748,Female,41,2,200,22.47,0.458215415
C0749,Female,25,5,350,45.58,0.571080741
C0750,Female,41,3,180,48.97,0.205457284
C0751,Female,19,5,250,52.32,0.354285307
C0752,Male,29,5,350,57.13,0.529613465
C0753,Male,54,1,100,16.69,0.199166696
C0754,Female,41,2,100,22.55,0.104165194
C0755,Female,29,6,540,59.4,0.705044913
C0756,Female,19,6,480,60.33,0.706101537
C0757,Female,41,3,150,40.41,0.53979786
C0758,Male,57,1,30,15.83,0.469085936
C0759,Male,41,4,280,44.26,0.329451497
C0760,Female,53,1,40,29.55,0.327849511
C0761,Male,20,7,560,63.93,0.664680862
C0762,Female,42,2,200,25.28,0.19865976
C0763,Male,55,1,30,20.91,0.124867491
C0764,Female,34,4,280,38.9,0.250599118
C0765,Male,18,6,540,63.04,0.827672135
C0766,Male,35,4,320,39.38,0.100814463
C0767,Male,19,7,420,78.94,0.927526314
C0768,Female,25,5,250,53.67,0.285204965
C0769,Female,24,4,400,52.23,0.126885018
C0770,Female,33,3,270,29.57,0.373686815
C0771,Female,27,4,240,43.81,0.019701623
C0772,Male,32,4,360,51.68,0.274535039
C0773,Male,36,4,360,43.08,0.0384009
C0774,Female,21,6,360,59.27,0.880865706
C0775,Female,25,3,240,29,0.321733732
C0776,Female,28,3,120,30.39,0.368723994
C0777,Male,37,2,180,27.85,0.050062324
C0778,Male,21,6,300,66.11,0.690324035
C0779,Male,65,2,40,29.18,0.25070885
C0780,Female,23,7,630,74.06,0.933799396
C0781,Female,26,5,350,55.08,0.314540074
C0782,Male,43,3,270,33.11,0.255847746
C0783,Male,23,4,80,43.94,0.201502026
C0784,Female,31,4,200,44.17,0.138966732
C0785,Male,25,3,90,29.81,0.028200064
C0786,Female,47,1,20,25.49,0.143325283
C0787,Female,59,1,100,14.67,0.171911799
C0788,Male,28,4,160,40.39,0.472764195
C0789,Male,41,4,240,41.02,0.480273619
C0790,Female,56,2,100,29.04,0.226158056
C0791,Female,37,3,210,36.47,0.015072661
C0792,Female,28,4,200,37.5,0.282684648
C0793,Male,42,2,120,36.89,0.539138051
C0794,Male,24,6,300,57.33,0.891821641
C0795,Female,33,4,200,47.38,0.045995221
C0796,Male,22,7,630,75.4,0.871599715
C0797,Male,22,4,320,37.69,0.354442151
C0798,Male,19,8,480,70.07,0.939850623
C0799,Female,24,5,500,47.33,0.283154996
C0800,Male,27,4,400,44.44,0.146236199
C0801,Female,26,3,90,37.14,0.514432648
C0802,Male,20,6,180,69.64,0.905980909
C0803,Male,26,6,420,66.49,0.863285125
C0804,Male,35,4,80,53.17,0.016678141
C0805,Female,59,2,120,42.62,0.245219045
C0806,Female,23,8,640,80.94,0.655724161
C0807,Male,19,4,200,41.72,0.277005527
C0808,Male,20,8,320,73.49,0.961326595
C0809,Male,33,6,300,54.12,0.671703831
C0810,Female,28,4,80,53.26,0.247857126
C0811,Male,34,6,420,61.57,0.732689532
C0812,Female,63,2,40,24.28,0.018472229
C0813,Male,23,8,320,70.8,0.665008152
C0814,Female,42,4,160,39.16,0.262693208
C0815,Female,41,4,400,39.51,0.478353434
C0816,Female,42,2,200,30.2,0.154285376
C0817,Male,18,4,80,61.46,0.370362718
C0818,Male,21,4,400,49.06,0.236592953
C0819,Female,47,1,90,22.21,0.344642032
C0820,Female,55,1,30,20.11,0.26715314
C0821,Male,21,4,320,45.94,0.447924032
C0822,Female,25,3,240,30.38,0.213012919
C0823,Female,54,1,40,17.65,0.574143618
C0824,Female,43,2,80,35.01,0.304237289
C0825,Female,22,4,120,39.97,0.106282374
C0826,Female,23,5,250,47.38,0.399033355
C0827,Female,31,3,210,33.21,0.233408247
C0828,Female,21,4,280,57.37,0.031209888
C0829,Male,18,6,240,59.7,0.727786966
C0830,Female,44,2,60,24.57,0.509014769
C0831,Female,23,4,320,50.75,0.290017935
C0832,Female,25,4,160,41.91,0.244020721
C0833,Female,21,6,420,67.36,0.964986695
C0834,Male,38,2,60,31,0.377038267
C0835,Female,45,1,60,15.25,0.20988819
C0836,Female,36,3,150,42.24,0.332877469
C0837,Female,42,4,200,46.91,0.254264319
C0838,Male,35,4,120,56.83,0.193152869
C0839,Female,33,5,350,51,0.363326476
C0840,Female,24,7,420,64.16,0.992184871
C0841,Female,22,6,300,54.15,0.753816589
C0842,Male,25,4,200,46.54,0.030986098
C0843,Male,32,4,360,44.74,0.21567488
C0844,Female,39,2,200,25.16,0.133790374
C0845,Male,37,2,120,21.4,0.204249615
C0846,Female,41,3,150,44.28,0.304413701
C0847,Female,42,4,160,37.58,0.043879974
C0848,Female,41,2,120,45.9,0.05510382
C0849,Male,53,1,70,13.26,0.337318101
C0850,Male,37,4,200,45.36,0.521427045
C0851,Male,40,2,120,21.07,0.279243112
C0852,Female,41,3,180,30.64,0.111539096
C0853,Male,63,2,60,21.01,0.556662313
C0854,Female,23,7,350,75.84,0.858046001
C0855,Female,58,2,60,36.48,0.379512762
C0856,Female,30,3,300,46.03,0.478425325
C0857,Female,48,2,80,40.98,0.309535988
C0858,Female,26,3,300,33.65,0.538536618
C0859,Male,47,1,30,25.78,0.181458812
C0860,Female,38,3,240,35.92,0.561660872
C0861,Male,37,3,90,31.35,0.127465648
C0862,Male,43,3,90,35.34,0.096547563
C0863,Male,35,2,60,34.3,0.169910226
C0864,Female,27,4,240,37.91,0.174738153
C0865,Male,39,4,240,50.61,0.283544616
C0866,Male,49,1,90,28,0.066239281
C0867,Male,37,2,40,32.34,0.536049218
C0868,Male,25,6,180,58.07,0.982944895
C0869,Female,46,1,90,21.05,0.07713189
C0870,Female,23,6,540,53.49,0.854618739
C0871,Male,39,2,160,30.68,0.380332088
C0872,Male,29,6,240,57.78,0.715560975
C0873,Male,51,1,40,16.25,0.539478629
C0874,Female,23,8,320,72.11,0.86189494
C0875,Female,40,2,180,29.29,0.152336681
C0876,Male,48,2,60,27.71,0.35501456
C0877,Female,30,4,320,40.15,0.177621467
C0878,Male,34,3,270,33.43,0.094750257
C0879,Female,46,2,160,31.53,0.208548045
C0880,Male,29,6,240,76.38,0.815290036
C0881,Female,65,1,30,16.68,0.389200018
C0882,Female,23,6,600,58.88,0.933625583
C0883,Male,51,1,50,35.99,0.403238599
C0884,Male,61,1,20,19.26,0.179346445
C0885,Male,40,3,300,33.95,0.199317692
C0886,Male,19,5,450,54.94,0.33321876
C0887,Male,59,2,80,21.98,0.505985736
C0888,Female,20,7,350,65.09,0.809274638
C0889,Male,33,4,120,40.77,0.45650459
C0890,Female,21,7,350,67.68,0.828170901
C0891,Female,28,5,350,64.95,0.386858974
C0892,Male,52,2,120,21.4,0.513818482
C0893,Male,26,6,300,56.33,0.775605798
C0894,Female,30,5,200,58.58,0.418525662
C0895,Female,33,6,480,58.94,0.933578645
C0896,Male,40,3,60,43.01,0.389093346
C0897,Female,28,3,300,30.96,0.037409783
C0898,Male,63,1,20,13.19,0.291566767
C0899,Female,32,3,300,30.71,0.357306916
C0900,Male,34,5,300,47.56,0.173775267
C0901,Female,40,4,200,38.09,0.364851154
C0902,Female,49,1,80,30.86,0.542398624
C0903,Male,30,4,400,44.64,0.362610308
C0904,Female,36,3,180,31.69,0.011358863
C0905,Female,34,4,160,39.97,0.310064394
C0906,Male,25,6,360,55.7,0.714572659
C0907,Male,61,2,140,28.37,0.322165868
C0908,Female,25,6,540,64.57,0.890894528
C0909,Female,41,4,160,43.59,0.072386909
C0910,Female,31,4,200,44.03,0.020718631
C0911,Male,59,1,30,21.83,0.597912679
C0912,Male,42,4,320,53.4,0.105477008
C0913,Male,26,6,180,55.24,0.946864079
C0914,Male,60,1,80,13.8,0.162988746
C0915,Female,28,3,210,34.3,0.344705469
C0916,Male,18,4,80,42.49,0.203168674
C0917,Female,24,5,450,48.37,0.113797632
C0918,Female,42,4,360,48.98,0.28174361
C0919,Female,35,3,210,29.37,0.473636124
C0920,Male,22,8,240,74.35,0.90811383
C0921,Female,29,6,120,53.89,0.888922958
C0922,Male,26,3,150,41.9,0.532381473
C0923,Female,27,6,600,54.67,0.697668033
C0924,Female,45,2,100,28.1,0.229442774
C0925,Female,39,2,80,32.42,0.116535543
C0926,Female,27,5,150,60.57,0.195398382
C0927,Female,62,1,30,23.61,0.135820681
C0928,Female,36,2,200,22.91,0.023780587
C0929,Male,25,4,320,51.43,0.557031532
C0930,Female,23,5,150,46.1,0.464252844
C0931,Female,25,3,60,36.24,0.184720475
C0932,Female,24,8,160,74.77,0.858573734
C0933,Male,28,5,250,49.8,0.001510848
C0934,Male,18,4,400,37.61,0.457496567
C0935,Male,42,3,240,42.44,0.31823203
C0936,Female,50,1,40,20.57,0.07755698
C0937,Female,22,7,700,62.8,0.754707245
C0938,Male,36,2,60,24.97,0.065302644
C0939,Female,45,1,100,30.49,0.325504011
C0940,Male,18,7,280,71.04,0.71246574
C0941,Female,42,4,360,40.35,0.410534569
C0942,Male,26,5,500,48.81,0.556389103
C0943,Female,52,1,20,22.33,0.025150643
C0944,Female,22,4,120,39.93,0.20033387
C0945,Female,45,2,60,29.5,0.281192701
C0946,Male,28,5,150,47.79,0.434808973
C0947,Male,18,4,160,52.09,0.109053354
C0948,Female,44,2,200,26.11,0.126234857
C0949,Female,57,1,90,17.19,0.089587615
C0950,Male,26,3,240,34.88,0.112845832
C0951,Male,32,5,150,49.07,0.16474452
C0952,Male,29,4,400,45.09,0.595685675
C0953,Female,40,4,120,46.36,0.024875077
C0954,Female,62,1,90,24.18,0.160808068
C0955,Male,19,4,240,41.01,0.252817563
C0956,Male,27,4,400,50.6,0.560497068
C0957,Male,25,5,500,45.99,0.163300111
C0958,Female,22,4,240,48.86,0.20839576
C0959,Male,30,5,100,48.3,0.305783007
C0960,Female,28,6,540,54.2,0.626652966
C0961,Female,38,2,80,27.87,0.05405475
C0962,Male,39,4,80,46.35,0.111455926
C0963,Female,42,2,160,35.52,0.157120751
C0964,Male,19,6,600,55.54,0.80743731
C0965,Male,38,2,140,25.5,0.321100281
C0966,Male,55,2,180,25.52,0.457807577
C0967,Male,34,5,250,51.24,0.27024329
C0968,Female,24,5,350,47.61,0.422710666
C0969,Male,23,4,80,38.77,0.424549758
C0970,Female,27,3,150,30.81,0.577222735
C0971,Male,18,5,100,51.51,0.1980162
C0972,Female,24,4,400,56.1,0.215797884
C0973,Female,32,6,360,55.02,0.87828954
C0974,Male,22,8,800,82.08,0.749305529
C0975,Female,23,8,400,84.31,0.931430611
C0976,Female,37,3,60,29.46,0.053854628
C0977,Male,25,5,400,63.31,0.416600071
C0978,Female,44,4,200,49.31,0.093284515
C0979,Male,42,4,200,37.04,0.330345457
C0980,Male,42,2,40,27.53,0.303709889
C0981,Male,35,2,160,22.78,0.406722576
C0982,Male,21,5,350,56.02,0.336869478
C0983,Female,31,4,160,37.38,0.325321571
C0984,Female,23,8,560,70.82,0.804613801
C0985,Male,62,2,60,27.33,0.467206707
C0986,Female,27,6,180,61.86,0.70744815
C0987,Male,36,3,300,32.25,0.096565274
C0988,Male,27,6,360,71.36,0.605043524
C0989,Female,33,4,80,42.23,0.079125898
C0990,Female,29,4,400,38.74,0.387044544
C0991,Female,18,7,420,72.22,0.888421089
C0992,Female,24,7,630,66.24,0.851834744
C0993,Female,27,5,350,49.79,0.041172529
C0994,Female,26,3,270,33.14,0.463561302
C0995,Female,50,2,120,27.27,0.309739779
C0996,Female,32,6,300,60.03,0.696031908
C0997,Male,26,3,90,32.89,0.351947711
C0998,Male,41,3,90,33.06,0.249554353
C0999,Male,35,4,400,44.19,0.418413049
C1000,Male,27,5,100,54.68,0.297413567
